{"train/heatmap_loss": 0.0011184878967469558, "train/acc_pose": 0.5962074771633595, "train/loss": 0.0011184878967469558, "learning_rate": 0.0005, "momentum": 0.9, "_timestamp": 1669093424.1707036, "_runtime": 7144.475719690323, "_step": 10664, "val/AP": 0.4670143203125886, "val/AP .5": 0.7627476725692316, "val/AP .75": 0.48132617672181305, "val/AP (M)": 0.4337617365592767, "val/AP (L)": 0.5260464348096526, "val/AR": 0.5366971032745591, "val/AR .5": 0.8187972292191436, "val/AR .75": 0.5664357682619647, "val/AR (M)": 0.4904124556132203, "val/AR (L)": 0.6011519881085098, "_wandb": {"runtime": 7147}}